bandwidth,packets_rate,delay,jitter,loss_rate,bandwidth_change,throughput,sample_id,time_window,src_node,dst_node,is_anomaly,reconstruction_error
0.3362402900383027,1.8832785121502305,-0.0566242316220302,-0.034682542375568,1.1352535865839009,-0.1478255126120303,-0.2003518809041742,13,13,44,18,True,393.5669623651091
0.3359206230130286,1.8829601518303063,-0.0565469432150967,-0.034682542375568,1.239386307888773,-0.1478575441249423,-0.2003896721439364,9,9,153,33,True,211.17709745850468
0.3360415781036728,1.8825563777660137,-0.0555417208513155,-0.0346824561836288,2.0791671285009143,-0.1478575441249423,-0.200596841490429,21,21,52,40,True,64.21752078370403
0.3356290348480826,1.882634026624532,-0.0563610844063807,-0.0346824082992182,-0.785031451306147,-0.1478575441249423,-0.1888411929889193,8,8,148,74,True,63.812977684470525
-0.3658243103865602,-0.5600313408137294,-0.0563669386927513,-0.034682542375568,-0.3616831793270422,-0.1478575441249423,-0.199897520979056,4,4,221,14,True,62.88571450453786
-0.3657564891393061,-0.559421797274364,-0.0565840203621107,-0.034682542375568,0.1377061263762516,-0.1478575441249423,-0.2004793418756709,16,16,72,30,True,53.5559489953289
-0.3657303542000776,-0.5592532992513802,-0.0561985836089414,-0.034682542375568,-0.1853285740290549,-0.1478575441249423,-0.2001933027656715,4,4,239,14,True,32.66581454696694
